accuracy,precision,recall,f1,roc_auc,threshold,model,mean_uncertainty,median_uncertainty,high_uncertainty_pct
0.7409510290986515,0.5077452667814114,0.7887700534759359,0.6178010471204188,0.8419669844222274,0.5,logistic_regression,,,
0.7530163236337828,0.524074074074074,0.7566844919786097,0.6192560175054704,0.8376075331318298,0.5,xgboost,,,
0.7374024130589071,0.5053763440860215,0.5026737967914439,0.5040214477211796,0.6629336846728151,0.5,decision_tree,,,
0.7374024130589071,0.5034364261168385,0.7834224598930482,0.6129707112970711,0.8412048877522025,0.5,monte_carlo_lr,0.0945169604348164,0.09799281850066588,0.0
