model,accuracy,precision,recall,f1,roc_auc
xgboost,0.7537260468417317,0.525233644859813,0.7513368983957219,0.6182618261826183,0.7529631351881992
logistic_regression,0.7913413768630234,0.6298701298701299,0.5187165775401069,0.5689149560117303,0.7042858250019375
decision_tree,0.7260468417317246,0.4852941176470588,0.5294117647058824,0.5063938618925832,0.6632566069906223
