accuracy,precision,recall,f1,roc_auc,threshold,model,mean_uncertainty,median_uncertainty,high_uncertainty_pct
0.7388218594748048,0.5050847457627119,0.7967914438502673,0.6182572614107884,0.847963006019272,0.5,logistic_regression,,,
0.7530163236337828,0.524074074074074,0.7566844919786097,0.6192560175054704,0.8376075331318298,0.5,xgboost,,,
0.7374024130589071,0.5053763440860215,0.5026737967914439,0.5040214477211796,0.6629336846728151,0.5,decision_tree,,,
0.7402413058907026,0.5068027210884354,0.7967914438502673,0.6195426195426196,0.8481515926528713,0.5,monte_carlo_lr,0.09891273370042936,0.1015897381762621,0.0
