accuracy,precision,recall,f1,roc_auc,threshold,model
0.7700496806245565,0.5565610859728507,0.6577540106951871,0.6029411764705882,0.8396135265700483,0.6500000000000004,logistic_regression
0.7892122072391767,0.5914489311163895,0.6657754010695187,0.6264150943396226,0.8454765041721564,0.6300000000000003,xgboost
0.7466288147622427,0.5158878504672897,0.7379679144385026,0.6072607260726073,0.8179041049885039,0.5400000000000003,decision_tree
