accuracy,precision,recall,f1,roc_auc,threshold,model
0.7877927608232789,0.5949367088607594,0.6283422459893048,0.611183355006502,0.8448371179828981,0.6700000000000004,logistic_regression
0.7771469127040455,0.5684931506849316,0.6657754010695187,0.6133004926108374,0.8431695471337415,0.5700000000000003,xgboost
0.7402413058907026,0.508695652173913,0.6256684491978609,0.5611510791366906,0.7868712702472294,0.5200000000000002,decision_tree
0.7821149751596878,0.5773672055427251,0.6684491978609626,0.6195786864931846,0.8457929680436074,0.6000000000000003,ensemble
