model,accuracy,precision,recall,f1,roc_auc
xgboost,0.7537260468417317,0.525233644859813,0.7513368983957219,0.6182618261826183,0.7529631351881992
logistic_regression,0.7913413768630234,0.6298701298701299,0.5187165775401069,0.5689149560117303,0.7042858250019375
decision_tree,0.7210787792760823,0.4763092269326683,0.5106951871657754,0.49290322580645163,0.6538983182205689
