accuracy,precision,recall,f1,roc_auc,threshold,model,mean_uncertainty,median_uncertainty,high_uncertainty_pct
0.7856635911994322,0.5861244019138756,0.6550802139037433,0.6186868686868687,0.8479526725051021,0.65,logistic_regression,,,
0.765791341376863,0.544,0.7272727272727273,0.6224256292906178,0.8376075331318298,0.55,xgboost,,,
0.7374024130589071,0.5053763440860215,0.5026737967914439,0.5040214477211796,0.6629336846728151,0.5,decision_tree,,,
0.7388218594748048,0.5050847457627119,0.7967914438502673,0.6182572614107884,0.8482187604949754,0.5,monte_carlo_lr,0.0978471796327606,0.10101574736043906,0.0
