accuracy,precision,recall,f1,roc_auc,threshold,model
0.7984386089425124,0.6480263157894737,0.5267379679144385,0.5811209439528023,0.8448371179828981,0.7300000000000004,logistic_regression
0.8076650106458482,0.708502024291498,0.4679144385026738,0.5636070853462157,0.8453034178098117,0.7000000000000004,xgboost
0.7530163236337828,0.5349462365591398,0.5320855614973262,0.5335120643431636,0.7868712702472294,0.6600000000000004,decision_tree
0.8076650106458482,0.6859205776173285,0.5080213903743316,0.5837173579109063,0.8466041489059392,0.7100000000000004,ensemble
