feature,linearity_valid,score_base,score_log
tenure,True,0.7332268370607029,0.7527511537096202
MonthlyCharges,True,0.7346467873624423,0.7346467873624423
TotalCharges,True,0.7275470358537451,0.7275470358537451
