Feature,Importance
f0,0.37722927
f2,0.107652746
f5,0.07158903
f3,0.06384505
f9,0.04233735
f1,0.036413446
f12,0.030617854
f10,0.028208105
f16,0.027970055
f8,0.027734065
f7,0.027518837
f4,0.026251772
f15,0.026013589
f11,0.023142053
f17,0.022919264
f13,0.022195226
f6,0.020604804
f14,0.017757496
