{"tenure": {"mean": 32.48509052183174, "std": 24.56874351182127}, "MonthlyCharges": {"mean": 64.92996095136671, "std": 30.138105357938493}, "TotalCharges": {"mean": 2302.6042659082827, "std": 2279.1731756466274}, "SeniorCitizen": {"mean": 0.16329428470003549, "std": 0.3696667640383378}, "samples": 5634}